"","Percent_025","Percent_975","Time","Approach","Type","value"
"1",20.6727333333333,24.7293425,1,"All exogenous time series","Predictions",22.3704333333333
"2",20.6727333333333,24.7293425,1,"All exogenous time series","Observed",10
"3",20.8596483333333,23.9652475,2,"All exogenous time series","Predictions",22.21745
"4",20.8596483333333,23.9652475,2,"All exogenous time series","Observed",18
"5",30.1620008333333,33.0760291666667,3,"All exogenous time series","Predictions",31.4818166666667
"6",30.1620008333333,33.0760291666667,3,"All exogenous time series","Observed",1
"7",18.9274516666667,21.7290041666667,4,"All exogenous time series","Predictions",19.6330166666667
"8",18.9274516666667,21.7290041666667,4,"All exogenous time series","Observed",4
"9",17.137565,20.955915,5,"All exogenous time series","Predictions",18.5988
"10",17.137565,20.955915,5,"All exogenous time series","Observed",4
"11",24.8481891666667,28.5284133333333,6,"All exogenous time series","Predictions",26.1742333333333
"12",24.8481891666667,28.5284133333333,6,"All exogenous time series","Observed",0
"13",26.4677658333333,31.2808058333333,7,"All exogenous time series","Predictions",28.8242666666667
"14",26.4677658333333,31.2808058333333,7,"All exogenous time series","Observed",4
"15",18.5562508333333,22.344805,8,"All exogenous time series","Predictions",20.5836
"16",18.5562508333333,22.344805,8,"All exogenous time series","Observed",2
"17",40.5110216666667,43.7188375,9,"All exogenous time series","Predictions",42.2514166666667
"18",40.5110216666667,43.7188375,9,"All exogenous time series","Observed",2
"19",28.4660633333333,33.2051958333333,10,"All exogenous time series","Predictions",31.1531666666667
"20",28.4660633333333,33.2051958333333,10,"All exogenous time series","Observed",14
"21",23.0072958333333,26.4156133333333,11,"All exogenous time series","Predictions",24.50975
"22",23.0072958333333,26.4156133333333,11,"All exogenous time series","Observed",25
"23",27.4052908333333,31.2148508333333,12,"All exogenous time series","Predictions",29.1519833333333
"24",27.4052908333333,31.2148508333333,12,"All exogenous time series","Observed",30
"25",15.7251016666667,18.0651941666667,13,"All exogenous time series","Predictions",16.75845
"26",15.7251016666667,18.0651941666667,13,"All exogenous time series","Observed",14
"27",18.6735083333333,21.6039308333333,14,"All exogenous time series","Predictions",19.9967833333333
"28",18.6735083333333,21.6039308333333,14,"All exogenous time series","Observed",44
"29",26.1458816666667,29.8284866666667,15,"All exogenous time series","Predictions",27.4805666666667
"30",26.1458816666667,29.8284866666667,15,"All exogenous time series","Observed",19
"31",9.1000075,11.7968233333333,16,"All exogenous time series","Predictions",10.3073333333333
"32",9.1000075,11.7968233333333,16,"All exogenous time series","Observed",2
"33",17.717685,20.437465,17,"All exogenous time series","Predictions",18.97975
"34",17.717685,20.437465,17,"All exogenous time series","Observed",3
"35",18.1304391666667,19.94898,18,"All exogenous time series","Predictions",19.1720666666667
"36",18.1304391666667,19.94898,18,"All exogenous time series","Observed",9
"37",21.3791116666667,24.2131833333333,19,"All exogenous time series","Predictions",22.9246
"38",21.3791116666667,24.2131833333333,19,"All exogenous time series","Observed",23
"39",22.29945,24.6772275,20,"All exogenous time series","Predictions",23.2826
"40",22.29945,24.6772275,20,"All exogenous time series","Observed",7
"41",22.7046625,24.96706,21,"All exogenous time series","Predictions",23.9732666666667
"42",22.7046625,24.96706,21,"All exogenous time series","Observed",0
"43",14.9830741666667,17.4068708333333,22,"All exogenous time series","Predictions",16.1109833333333
"44",14.9830741666667,17.4068708333333,22,"All exogenous time series","Observed",9
"45",13.9574725,16.0662408333333,23,"All exogenous time series","Predictions",15.0172
"46",13.9574725,16.0662408333333,23,"All exogenous time series","Observed",0
"47",10.5393108333333,13.5358066666667,24,"All exogenous time series","Predictions",12.1572333333333
"48",10.5393108333333,13.5358066666667,24,"All exogenous time series","Observed",9
"49",11.7757466666667,13.7372841666667,25,"All exogenous time series","Predictions",12.7839333333333
"50",11.7757466666667,13.7372841666667,25,"All exogenous time series","Observed",36
"51",13.9833166666667,16.0669483333333,26,"All exogenous time series","Predictions",15.0743833333333
"52",13.9833166666667,16.0669483333333,26,"All exogenous time series","Observed",23
"53",12.1982183333333,15.2075691666667,27,"All exogenous time series","Predictions",14.0277
"54",12.1982183333333,15.2075691666667,27,"All exogenous time series","Observed",0
"55",11.6642258333333,14.9246416666667,28,"All exogenous time series","Predictions",13.2202
"56",11.6642258333333,14.9246416666667,28,"All exogenous time series","Observed",0
"57",4.90001583333333,6.25552333333333,29,"All exogenous time series","Predictions",5.56303333333333
"58",4.90001583333333,6.25552333333333,29,"All exogenous time series","Observed",0
"59",2.09998166666667,2.93031333333333,30,"All exogenous time series","Predictions",2.46973333333333
"60",2.09998166666667,2.93031333333333,30,"All exogenous time series","Observed",1
"61",24.0584758333333,27.8966566666667,31,"All exogenous time series","Predictions",25.45205
"62",24.0584758333333,27.8966566666667,31,"All exogenous time series","Observed",2
"63",10.1769575,12.2909508333333,32,"All exogenous time series","Predictions",11.4088166666667
"64",10.1769575,12.2909508333333,32,"All exogenous time series","Observed",1
"65",15.7706775,18.1456233333333,33,"All exogenous time series","Predictions",16.9011166666667
"66",15.7706775,18.1456233333333,33,"All exogenous time series","Observed",3
"67",7.3431925,10.5647566666667,34,"All exogenous time series","Predictions",8.63033333333333
"68",7.3431925,10.5647566666667,34,"All exogenous time series","Observed",2
"69",16.8195591666667,19.2245708333333,35,"All exogenous time series","Predictions",18.0778333333333
"70",16.8195591666667,19.2245708333333,35,"All exogenous time series","Observed",0
"71",5.8700175,7.1323875,36,"All exogenous time series","Predictions",6.53331666666667
"72",5.8700175,7.1323875,36,"All exogenous time series","Observed",0
"73",12.4296975,15.3817533333333,37,"All exogenous time series","Predictions",13.60035
"74",12.4296975,15.3817533333333,37,"All exogenous time series","Observed",3
"75",11.71801,13.9527783333333,38,"All exogenous time series","Predictions",12.8196
"76",11.71801,13.9527783333333,38,"All exogenous time series","Observed",5
"77",17.9493775,21.7289191666667,39,"All exogenous time series","Predictions",19.9377333333333
"78",17.9493775,21.7289191666667,39,"All exogenous time series","Observed",4
"79",14.7391833333333,19.5525583333333,40,"All exogenous time series","Predictions",17.47345
"80",14.7391833333333,19.5525583333333,40,"All exogenous time series","Observed",6
"81",7.6738325,10.0854283333333,41,"All exogenous time series","Predictions",8.7886
"82",7.6738325,10.0854283333333,41,"All exogenous time series","Observed",17
"83",12.7391875,15.1265683333333,42,"All exogenous time series","Predictions",14.1429666666667
"84",12.7391875,15.1265683333333,42,"All exogenous time series","Observed",21
"85",20.9268575,24.3590091666667,43,"All exogenous time series","Predictions",21.88575
"86",20.9268575,24.3590091666667,43,"All exogenous time series","Observed",66
"87",14.3278,16.2546058333333,44,"All exogenous time series","Predictions",15.1086333333333
"88",14.3278,16.2546058333333,44,"All exogenous time series","Observed",24
"89",20.23987,22.3857616666667,45,"All exogenous time series","Predictions",21.4116
"90",20.23987,22.3857616666667,45,"All exogenous time series","Observed",36
"91",11.5503316666667,13.30669,46,"All exogenous time series","Predictions",12.5113666666667
"92",11.5503316666667,13.30669,46,"All exogenous time series","Observed",0
"93",13.8730425,15.409915,47,"All exogenous time series","Predictions",14.6981
"94",13.8730425,15.409915,47,"All exogenous time series","Observed",0
"95",24.7571875,27.8240083333333,48,"All exogenous time series","Predictions",26.0018666666667
"96",24.7571875,27.8240083333333,48,"All exogenous time series","Observed",1
"97",18.37484,20.5360233333333,49,"All exogenous time series","Predictions",19.4164
"98",18.37484,20.5360233333333,49,"All exogenous time series","Observed",2
"99",13.2758241666667,14.9335841666667,50,"All exogenous time series","Predictions",14.0776666666667
"100",13.2758241666667,14.9335841666667,50,"All exogenous time series","Observed",0
"101",12.5319183333333,15.0355825,51,"All exogenous time series","Predictions",13.6994166666667
"102",12.5319183333333,15.0355825,51,"All exogenous time series","Observed",0
"103",11.4541358333333,13.81509,52,"All exogenous time series","Predictions",13.0083
"104",11.4541358333333,13.81509,52,"All exogenous time series","Observed",0
"105",17.4647966666667,20.7190275,53,"All exogenous time series","Predictions",18.76815
"106",17.4647966666667,20.7190275,53,"All exogenous time series","Observed",1
"107",13.7537258333333,16.2264108333333,54,"All exogenous time series","Predictions",14.8588166666667
"108",13.7537258333333,16.2264108333333,54,"All exogenous time series","Observed",2
"109",14.1470033333333,17.4057841666667,55,"All exogenous time series","Predictions",15.72625
"110",14.1470033333333,17.4057841666667,55,"All exogenous time series","Observed",0
"111",27.2938108333334,32.0144483333333,56,"All exogenous time series","Predictions",30.0442
"112",27.2938108333334,32.0144483333333,56,"All exogenous time series","Observed",5
"113",24.4929783333333,27.5111741666667,57,"All exogenous time series","Predictions",25.7842
"114",24.4929783333333,27.5111741666667,57,"All exogenous time series","Observed",0
"115",11.9307275,14.68514,58,"All exogenous time series","Predictions",13.3042
"116",11.9307275,14.68514,58,"All exogenous time series","Observed",0
"117",12.778595,15.4306883333333,59,"All exogenous time series","Predictions",13.8392666666667
"118",12.778595,15.4306883333333,59,"All exogenous time series","Observed",0
"119",30.279095,34.21028,60,"All exogenous time series","Predictions",32.4387833333333
"120",30.279095,34.21028,60,"All exogenous time series","Observed",5
"121",12.0789083333333,15.3160766666667,61,"All exogenous time series","Predictions",13.5665166666667
"122",12.0789083333333,15.3160766666667,61,"All exogenous time series","Observed",19
"123",20.8216541666667,24.4155358333333,62,"All exogenous time series","Predictions",22.9531
"124",20.8216541666667,24.4155358333333,62,"All exogenous time series","Observed",12
"125",16.3448466666667,20.1606866666667,63,"All exogenous time series","Predictions",18.7196333333333
"126",16.3448466666667,20.1606866666667,63,"All exogenous time series","Observed",4
"127",28.4438641666667,32.7921691666667,64,"All exogenous time series","Predictions",30.85295
"128",28.4438641666667,32.7921691666667,64,"All exogenous time series","Observed",5
"129",21.0622916666667,24.7055083333333,65,"All exogenous time series","Predictions",23.25245
"130",21.0622916666667,24.7055083333333,65,"All exogenous time series","Observed",11
"131",23.0247066666667,27.8187975,66,"All exogenous time series","Predictions",25.2523333333333
"132",23.0247066666667,27.8187975,66,"All exogenous time series","Observed",8
"133",17.9134191666667,20.7099133333333,67,"All exogenous time series","Predictions",19.3822333333333
"134",17.9134191666667,20.7099133333333,67,"All exogenous time series","Observed",10
"135",19.2892533333333,22.0355608333333,68,"All exogenous time series","Predictions",20.9356333333333
"136",19.2892533333333,22.0355608333333,68,"All exogenous time series","Observed",9
"137",30.7410741666667,33.7781483333333,69,"All exogenous time series","Predictions",32.24775
"138",30.7410741666667,33.7781483333333,69,"All exogenous time series","Observed",18
"139",34.4739516666667,38.8756558333333,70,"All exogenous time series","Predictions",36.43005
"140",34.4739516666667,38.8756558333333,70,"All exogenous time series","Observed",18
"141",17.7915633333333,20.7249441666666,71,"All exogenous time series","Predictions",18.7188666666667
"142",17.7915633333333,20.7249441666666,71,"All exogenous time series","Observed",15
"143",18.1258691666667,21.1089233333333,72,"All exogenous time series","Predictions",20.0131166666667
"144",18.1258691666667,21.1089233333333,72,"All exogenous time series","Observed",8
"145",27.9610875,30.386395,73,"All exogenous time series","Predictions",29.02805
"146",27.9610875,30.386395,73,"All exogenous time series","Observed",2
"147",20.8856633333333,23.9413991666667,74,"All exogenous time series","Predictions",22.3957166666667
"148",20.8856633333333,23.9413991666667,74,"All exogenous time series","Observed",16
"149",12.9755941666667,14.9369508333333,75,"All exogenous time series","Predictions",13.99985
"150",12.9755941666667,14.9369508333333,75,"All exogenous time series","Observed",1
"151",17.2522191666667,19.4929841666667,76,"All exogenous time series","Predictions",18.2692
"152",17.2522191666667,19.4929841666667,76,"All exogenous time series","Observed",9
"153",31.0567533333333,35.7219066666667,77,"All exogenous time series","Predictions",33.3667833333334
"154",31.0567533333333,35.7219066666667,77,"All exogenous time series","Observed",11
"155",23.1846083333333,26.1075775,78,"All exogenous time series","Predictions",24.4162833333333
"156",23.1846083333333,26.1075775,78,"All exogenous time series","Observed",5
"157",13.1131383333333,15.4938775,79,"All exogenous time series","Predictions",14.3689333333333
"158",13.1131383333333,15.4938775,79,"All exogenous time series","Observed",34
"159",6.68806666666666,9.58790666666666,80,"All exogenous time series","Predictions",7.90975
"160",6.68806666666666,9.58790666666666,80,"All exogenous time series","Observed",10
"161",5.25846083333333,6.87678416666666,81,"All exogenous time series","Predictions",5.93865
"162",5.25846083333333,6.87678416666666,81,"All exogenous time series","Observed",24
"163",5.93052,8.10680916666666,82,"All exogenous time series","Predictions",7.11818333333333
"164",5.93052,8.10680916666666,82,"All exogenous time series","Observed",1
"165",6.57838333333334,8.47655666666667,83,"All exogenous time series","Predictions",7.45333333333333
"166",6.57838333333334,8.47655666666667,83,"All exogenous time series","Observed",15
"167",5.47475583333334,6.37711666666666,84,"All exogenous time series","Predictions",6.0041
"168",5.47475583333334,6.37711666666666,84,"All exogenous time series","Observed",6
"169",11.6067558333333,14.43937,85,"All exogenous time series","Predictions",13.15975
"170",11.6067558333333,14.43937,85,"All exogenous time series","Observed",5
"171",6.83866416666666,8.22244,86,"All exogenous time series","Predictions",7.4155
"172",6.83866416666666,8.22244,86,"All exogenous time series","Observed",1
"173",8.77379083333333,11.5409083333333,87,"All exogenous time series","Predictions",10.1967333333333
"174",8.77379083333333,11.5409083333333,87,"All exogenous time series","Observed",5
"175",7.47744666666667,9.25191916666667,88,"All exogenous time series","Predictions",8.26561666666667
"176",7.47744666666667,9.25191916666667,88,"All exogenous time series","Observed",5
"177",8.46443,10.4951441666667,89,"All exogenous time series","Predictions",9.32928333333333
"178",8.46443,10.4951441666667,89,"All exogenous time series","Observed",0
"179",3.11538416666667,4.13087583333333,90,"All exogenous time series","Predictions",3.65541666666667
"180",3.11538416666667,4.13087583333333,90,"All exogenous time series","Observed",2
"181",7.26707083333333,8.40753333333334,91,"All exogenous time series","Predictions",7.8732
"182",7.26707083333333,8.40753333333334,91,"All exogenous time series","Observed",0
"183",4.33014916666667,5.078495,92,"All exogenous time series","Predictions",4.69538333333334
"184",4.33014916666667,5.078495,92,"All exogenous time series","Observed",1
"185",8.22286166666666,9.93608666666667,93,"All exogenous time series","Predictions",8.84365
"186",8.22286166666666,9.93608666666667,93,"All exogenous time series","Observed",1
"187",4.35730916666666,5.19925083333333,94,"All exogenous time series","Predictions",4.79681666666667
"188",4.35730916666666,5.19925083333333,94,"All exogenous time series","Observed",2
"189",13.0889741666667,16.7817625,95,"All exogenous time series","Predictions",15.0930666666667
"190",13.0889741666667,16.7817625,95,"All exogenous time series","Observed",0
"191",11.5384008333333,13.9229108333333,96,"All exogenous time series","Predictions",12.79735
"192",11.5384008333333,13.9229108333333,96,"All exogenous time series","Observed",10
"193",11.4439583333333,13.59581,97,"All exogenous time series","Predictions",12.4016
"194",11.4439583333333,13.59581,97,"All exogenous time series","Observed",3
"195",12.3354758333333,14.3170841666667,98,"All exogenous time series","Predictions",13.3177666666667
"196",12.3354758333333,14.3170841666667,98,"All exogenous time series","Observed",11
"197",11.1251141666667,13.4091883333333,99,"All exogenous time series","Predictions",12.4350666666667
"198",11.1251141666667,13.4091883333333,99,"All exogenous time series","Observed",24
"199",8.00782583333333,9.33027166666667,100,"All exogenous time series","Predictions",8.73686666666666
"200",8.00782583333333,9.33027166666667,100,"All exogenous time series","Observed",10
"201",13.0259083333333,15.0683775,101,"All exogenous time series","Predictions",14.07225
"202",13.0259083333333,15.0683775,101,"All exogenous time series","Observed",5
"203",9.5430275,10.8496483333333,102,"All exogenous time series","Predictions",10.0384666666667
"204",9.5430275,10.8496483333333,102,"All exogenous time series","Observed",5
"205",8.037685,9.30501666666666,103,"All exogenous time series","Predictions",8.5929
"206",8.037685,9.30501666666666,103,"All exogenous time series","Observed",2
"207",10.8975016666667,13.2172458333333,104,"All exogenous time series","Predictions",12.0773833333333
"208",10.8975016666667,13.2172458333333,104,"All exogenous time series","Observed",1
"209",21.6589866666667,26.1689775,105,"All exogenous time series","Predictions",23.69385
"210",21.6589866666667,26.1689775,105,"All exogenous time series","Observed",3
"211",9.32104666666667,11.3270508333333,106,"All exogenous time series","Predictions",10.33715
"212",9.32104666666667,11.3270508333333,106,"All exogenous time series","Observed",3
"213",11.5704191666667,14.7886825,107,"All exogenous time series","Predictions",12.8495
"214",11.5704191666667,14.7886825,107,"All exogenous time series","Observed",4
"215",10.6683816666667,12.1781333333333,108,"All exogenous time series","Predictions",11.4177166666667
"216",10.6683816666667,12.1781333333333,108,"All exogenous time series","Observed",2
"217",11.70599,14.4831466666667,109,"All exogenous time series","Predictions",12.9712166666667
"218",11.70599,14.4831466666667,109,"All exogenous time series","Observed",11
"219",16.5077116666667,19.6507158333333,110,"All exogenous time series","Predictions",18.0073666666667
"220",16.5077116666667,19.6507158333333,110,"All exogenous time series","Observed",4
"221",12.7459791666667,17.0809116666667,111,"All exogenous time series","Predictions",14.7935333333333
"222",12.7459791666667,17.0809116666667,111,"All exogenous time series","Observed",0
"223",7.34406649170274,8.52098935786436,1,"Naive up to 3 lags","Predictions",7.78090242812743
"224",7.34406649170274,8.52098935786436,1,"Naive up to 3 lags","Observed",10
"225",13.5817158730159,15.7405965277778,2,"Naive up to 3 lags","Predictions",14.7356873015873
"226",13.5817158730159,15.7405965277778,2,"Naive up to 3 lags","Observed",18
"227",30.1399620833333,33.4917919047619,3,"Naive up to 3 lags","Predictions",31.58665
"228",30.1399620833333,33.4917919047619,3,"Naive up to 3 lags","Observed",1
"229",7.48086226190476,9.08285220238095,4,"Naive up to 3 lags","Predictions",8.03870833333334
"230",7.48086226190476,9.08285220238095,4,"Naive up to 3 lags","Observed",4
"231",4.54757352869353,5.40227745892996,5,"Naive up to 3 lags","Predictions",4.8397549034299
"232",4.54757352869353,5.40227745892996,5,"Naive up to 3 lags","Observed",4
"233",7.04326626450819,7.9899233512321,6,"Naive up to 3 lags","Predictions",7.57852546065046
"234",7.04326626450819,7.9899233512321,6,"Naive up to 3 lags","Observed",0
"235",4.52956502566878,5.58242174113468,7,"Naive up to 3 lags","Predictions",5.09184592907093
"236",4.52956502566878,5.58242174113468,7,"Naive up to 3 lags","Observed",4
"237",5.90692932387057,6.39419640762016,8,"Naive up to 3 lags","Predictions",6.16371124569875
"238",5.90692932387057,6.39419640762016,8,"Naive up to 3 lags","Observed",2
"239",8.22680652541902,9.56637340448358,9,"Naive up to 3 lags","Predictions",8.94219920536979
"240",8.22680652541902,9.56637340448358,9,"Naive up to 3 lags","Observed",2
"241",3.86589350385725,4.41328282092907,10,"Naive up to 3 lags","Predictions",4.13058626096126
"242",3.86589350385725,4.41328282092907,10,"Naive up to 3 lags","Observed",14
"243",13.9453688095238,16.3379348656899,11,"Naive up to 3 lags","Predictions",15.1264027777778
"244",13.9453688095238,16.3379348656899,11,"Naive up to 3 lags","Observed",25
"245",18.0217972619048,20.0764104166667,12,"Naive up to 3 lags","Predictions",18.9491615079365
"246",18.0217972619048,20.0764104166667,12,"Naive up to 3 lags","Observed",30
"247",29.6262917857143,32.7903583333333,13,"Naive up to 3 lags","Predictions",31.1385333333333
"248",29.6262917857143,32.7903583333333,13,"Naive up to 3 lags","Observed",14
"249",15.4727116666667,17.1702766666667,14,"Naive up to 3 lags","Predictions",16.351
"250",15.4727116666667,17.1702766666667,14,"Naive up to 3 lags","Observed",44
"251",25.0411341666667,27.2171483333333,15,"Naive up to 3 lags","Predictions",26.2614833333333
"252",25.0411341666667,27.2171483333333,15,"Naive up to 3 lags","Observed",19
"253",22.6369658333333,24.4361296428571,16,"Naive up to 3 lags","Predictions",23.4622333333333
"254",22.6369658333333,24.4361296428571,16,"Naive up to 3 lags","Observed",2
"255",10.0345018333333,11.9397843452381,17,"Naive up to 3 lags","Predictions",11.1908944444444
"256",10.0345018333333,11.9397843452381,17,"Naive up to 3 lags","Observed",3
"257",5.04508751984127,6.08477170634921,18,"Naive up to 3 lags","Predictions",5.45581968864469
"258",5.04508751984127,6.08477170634921,18,"Naive up to 3 lags","Observed",9
"259",15.8502738827839,17.7520592460317,19,"Naive up to 3 lags","Predictions",16.8199376984127
"260",15.8502738827839,17.7520592460317,19,"Naive up to 3 lags","Observed",23
"261",21.9442598809524,23.7989845238095,20,"Naive up to 3 lags","Predictions",22.8462416666667
"262",21.9442598809524,23.7989845238095,20,"Naive up to 3 lags","Observed",7
"263",6.77164833333334,7.87924916666667,21,"Naive up to 3 lags","Predictions",7.22473333333333
"264",6.77164833333334,7.87924916666667,21,"Naive up to 3 lags","Observed",0
"265",4.4544618466256,5.30897951423576,22,"Naive up to 3 lags","Predictions",4.91238883893884
"266",4.4544618466256,5.30897951423576,22,"Naive up to 3 lags","Observed",9
"267",22.0633971350871,25.9191148863637,23,"Naive up to 3 lags","Predictions",24.3178731247511
"268",22.0633971350871,25.9191148863637,23,"Naive up to 3 lags","Observed",0
"269",13.4226538620081,17.7694554728115,24,"Naive up to 3 lags","Predictions",15.8771410769786
"270",13.4226538620081,17.7694554728115,24,"Naive up to 3 lags","Observed",9
"271",12.6510086582453,15.7237550294082,25,"Naive up to 3 lags","Predictions",14.260275960151
"272",12.6510086582453,15.7237550294082,25,"Naive up to 3 lags","Observed",36
"273",42.0821842750714,47.2613629129367,26,"Naive up to 3 lags","Predictions",44.0861023532024
"274",42.0821842750714,47.2613629129367,26,"Naive up to 3 lags","Observed",23
"275",19.1470026190476,21.4859516666667,27,"Naive up to 3 lags","Predictions",20.4672468253968
"276",19.1470026190476,21.4859516666667,27,"Naive up to 3 lags","Observed",0
"277",6.20755351877289,7.80109247710623,28,"Naive up to 3 lags","Predictions",6.94626358543417
"278",6.20755351877289,7.80109247710623,28,"Naive up to 3 lags","Observed",0
"279",6.16970610962867,7.48356073669235,29,"Naive up to 3 lags","Predictions",6.80104737151393
"280",6.16970610962867,7.48356073669235,29,"Naive up to 3 lags","Observed",0
"281",5.18847638338829,6.16761060418812,30,"Naive up to 3 lags","Predictions",5.67507867668107
"282",5.18847638338829,6.16761060418812,30,"Naive up to 3 lags","Observed",1
"283",4.64886930764626,5.61265153734939,31,"Naive up to 3 lags","Predictions",5.11207015859957
"284",4.64886930764626,5.61265153734939,31,"Naive up to 3 lags","Observed",2
"285",3.64782517418028,4.43691426592693,32,"Naive up to 3 lags","Predictions",4.05281696765137
"286",3.64782517418028,4.43691426592693,32,"Naive up to 3 lags","Observed",1
"287",3.78524676206147,4.3533401862392,33,"Naive up to 3 lags","Predictions",4.01995519070283
"288",3.78524676206147,4.3533401862392,33,"Naive up to 3 lags","Observed",3
"289",2.34010780483405,2.91501838023088,34,"Naive up to 3 lags","Predictions",2.6486299963925
"290",2.34010780483405,2.91501838023088,34,"Naive up to 3 lags","Observed",2
"291",4.86429473942724,5.56455211455211,35,"Naive up to 3 lags","Predictions",5.32219566544566
"292",4.86429473942724,5.56455211455211,35,"Naive up to 3 lags","Observed",0
"293",2.78749075334195,3.28762415910478,36,"Naive up to 3 lags","Predictions",3.01360836153758
"294",2.78749075334195,3.28762415910478,36,"Naive up to 3 lags","Observed",0
"295",1.60852542378158,2.08224910414259,37,"Naive up to 3 lags","Predictions",1.84440607948983
"296",1.60852542378158,2.08224910414259,37,"Naive up to 3 lags","Observed",3
"297",4.29761345365744,5.14948942691311,38,"Naive up to 3 lags","Predictions",4.68648030428868
"298",4.29761345365744,5.14948942691311,38,"Naive up to 3 lags","Observed",5
"299",5.04414997443277,5.81400666874684,39,"Naive up to 3 lags","Predictions",5.31308121530173
"300",5.04414997443277,5.81400666874684,39,"Naive up to 3 lags","Observed",4
"301",4.39148230091761,4.95276135947386,40,"Naive up to 3 lags","Predictions",4.64393207511443
"302",4.39148230091761,4.95276135947386,40,"Naive up to 3 lags","Observed",6
"303",4.93589277745131,5.52107473013098,41,"Naive up to 3 lags","Predictions",5.21134788724348
"304",4.93589277745131,5.52107473013098,41,"Naive up to 3 lags","Observed",17
"305",14.2700575471751,15.422005265478,42,"Naive up to 3 lags","Predictions",14.8521889101095
"306",14.2700575471751,15.422005265478,42,"Naive up to 3 lags","Observed",21
"307",16.7436343452381,18.1491557738095,43,"Naive up to 3 lags","Predictions",17.315855952381
"308",16.7436343452381,18.1491557738095,43,"Naive up to 3 lags","Observed",66
"309",28.389556547619,32.2062533333333,44,"Naive up to 3 lags","Predictions",30.6988333333333
"310",28.389556547619,32.2062533333333,44,"Naive up to 3 lags","Observed",24
"311",29.1460466666667,32.6627433333333,45,"Naive up to 3 lags","Predictions",30.6246333333333
"312",29.1460466666667,32.6627433333333,45,"Naive up to 3 lags","Observed",36
"313",24.9011491666667,27.0984508333333,46,"Naive up to 3 lags","Predictions",26.0424
"314",24.9011491666667,27.0984508333333,46,"Naive up to 3 lags","Observed",0
"315",7.01163617081448,9.66674341314546,47,"Naive up to 3 lags","Predictions",8.06664792911337
"316",7.01163617081448,9.66674341314546,47,"Naive up to 3 lags","Observed",0
"317",3.19274353371286,4.24244640872414,48,"Naive up to 3 lags","Predictions",3.77980001514037
"318",3.19274353371286,4.24244640872414,48,"Naive up to 3 lags","Observed",1
"319",3.84390213194748,4.65026054909409,49,"Naive up to 3 lags","Predictions",4.22044708342797
"320",3.84390213194748,4.65026054909409,49,"Naive up to 3 lags","Observed",2
"321",2.54825215001556,3.03460084195624,50,"Naive up to 3 lags","Predictions",2.75594353048493
"322",2.54825215001556,3.03460084195624,50,"Naive up to 3 lags","Observed",0
"323",2.86690907344842,3.18919360438087,51,"Naive up to 3 lags","Predictions",3.0468932043514
"324",2.86690907344842,3.18919360438087,51,"Naive up to 3 lags","Observed",0
"325",1.81512539459619,2.17304295450012,52,"Naive up to 3 lags","Predictions",1.99225507175488
"326",1.81512539459619,2.17304295450012,52,"Naive up to 3 lags","Observed",0
"327",3.47800479542424,4.07808378378849,53,"Naive up to 3 lags","Predictions",3.79332719406449
"328",3.47800479542424,4.07808378378849,53,"Naive up to 3 lags","Observed",1
"329",3.31111300119573,3.89313177515398,54,"Naive up to 3 lags","Predictions",3.51731541507228
"330",3.31111300119573,3.89313177515398,54,"Naive up to 3 lags","Observed",2
"331",1.71734946142653,2.30700202058477,55,"Naive up to 3 lags","Predictions",1.9818714004711
"332",1.71734946142653,2.30700202058477,55,"Naive up to 3 lags","Observed",0
"333",2.05280962212087,2.32669817257643,56,"Naive up to 3 lags","Predictions",2.1991990666082
"334",2.05280962212087,2.32669817257643,56,"Naive up to 3 lags","Observed",5
"335",2.43613647911655,2.88240957664172,57,"Naive up to 3 lags","Predictions",2.65429009526554
"336",2.43613647911655,2.88240957664172,57,"Naive up to 3 lags","Observed",0
"337",4.95917526380913,5.78029814517263,58,"Naive up to 3 lags","Predictions",5.40170913252427
"338",4.95917526380913,5.78029814517263,58,"Naive up to 3 lags","Observed",0
"339",3.31344430494106,3.99391851365618,59,"Naive up to 3 lags","Predictions",3.64076816799257
"340",3.31344430494106,3.99391851365618,59,"Naive up to 3 lags","Observed",0
"341",3.01607792385814,3.51136276519968,60,"Naive up to 3 lags","Predictions",3.1737891797815
"342",3.01607792385814,3.51136276519968,60,"Naive up to 3 lags","Observed",5
"343",3.13607109647735,3.68369058007266,61,"Naive up to 3 lags","Predictions",3.46723109578325
"344",3.13607109647735,3.68369058007266,61,"Naive up to 3 lags","Observed",19
"345",26.8594374787453,30.5394357092065,62,"Naive up to 3 lags","Predictions",28.6067978474085
"346",26.8594374787453,30.5394357092065,62,"Naive up to 3 lags","Observed",12
"347",24.7060975,27.3291560714286,63,"Naive up to 3 lags","Predictions",25.8340501082251
"348",24.7060975,27.3291560714286,63,"Naive up to 3 lags","Observed",4
"349",6.82277134844322,8.85839510851893,64,"Naive up to 3 lags","Predictions",7.96947391774891
"350",6.82277134844322,8.85839510851893,64,"Naive up to 3 lags","Observed",5
"351",5.10559573298434,6.37549436202686,65,"Naive up to 3 lags","Predictions",5.76215891445156
"352",5.10559573298434,6.37549436202686,65,"Naive up to 3 lags","Observed",11
"353",16.1799751717654,17.2970006540437,66,"Naive up to 3 lags","Predictions",16.7348158230658
"354",16.1799751717654,17.2970006540437,66,"Naive up to 3 lags","Observed",8
"355",10.4863428790654,12.1674061580087,67,"Naive up to 3 lags","Predictions",11.1938428571429
"356",10.4863428790654,12.1674061580087,67,"Naive up to 3 lags","Observed",10
"357",17.4373847420635,19.2557093253968,68,"Naive up to 3 lags","Predictions",18.3287436507937
"358",17.4373847420635,19.2557093253968,68,"Naive up to 3 lags","Observed",9
"359",18.1720848214286,21.055144767316,69,"Naive up to 3 lags","Predictions",19.5577187229437
"360",18.1720848214286,21.055144767316,69,"Naive up to 3 lags","Observed",18
"361",19.1206297727273,21.4619541666667,70,"Naive up to 3 lags","Predictions",20.166726984127
"362",19.1206297727273,21.4619541666667,70,"Naive up to 3 lags","Observed",18
"363",17.6507875,19.1059738690476,71,"Naive up to 3 lags","Predictions",18.355
"364",17.6507875,19.1059738690476,71,"Naive up to 3 lags","Observed",15
"365",26.6246126515152,28.7470192857143,72,"Naive up to 3 lags","Predictions",27.5450738095238
"366",26.6246126515152,28.7470192857143,72,"Naive up to 3 lags","Observed",8
"367",7.97387785714286,9.36288779761905,73,"Naive up to 3 lags","Predictions",8.62498964646465
"368",7.97387785714286,9.36288779761905,73,"Naive up to 3 lags","Observed",2
"369",5.18353814324564,5.98495591880342,74,"Naive up to 3 lags","Predictions",5.53983777505175
"370",5.18353814324564,5.98495591880342,74,"Naive up to 3 lags","Observed",16
"371",16.2866010714286,17.4881372619048,75,"Naive up to 3 lags","Predictions",16.9959333333333
"372",16.2866010714286,17.4881372619048,75,"Naive up to 3 lags","Observed",1
"373",9.17972512302971,11.1734078514623,76,"Naive up to 3 lags","Predictions",9.97921105283605
"374",9.17972512302971,11.1734078514623,76,"Naive up to 3 lags","Observed",9
"375",19.0114504166667,21.441206547619,77,"Naive up to 3 lags","Predictions",20.2005115079365
"376",19.0114504166667,21.441206547619,77,"Naive up to 3 lags","Observed",11
"377",23.7604132720058,26.6851485750361,78,"Naive up to 3 lags","Predictions",25.0562507936508
"378",23.7604132720058,26.6851485750361,78,"Naive up to 3 lags","Observed",5
"379",7.57920986111111,9.26495444444445,79,"Naive up to 3 lags","Predictions",8.21307960927961
"380",7.57920986111111,9.26495444444445,79,"Naive up to 3 lags","Observed",34
"381",22.6850261904762,25.8888962301587,80,"Naive up to 3 lags","Predictions",24.1368809523809
"382",22.6850261904762,25.8888962301587,80,"Naive up to 3 lags","Observed",10
"383",15.5472730357143,17.3508360714286,81,"Naive up to 3 lags","Predictions",16.5421583333333
"384",15.5472730357143,17.3508360714286,81,"Naive up to 3 lags","Observed",24
"385",22.4292908441558,25.2455026190476,82,"Naive up to 3 lags","Predictions",23.8776428571429
"386",22.4292908441558,25.2455026190476,82,"Naive up to 3 lags","Observed",1
"387",4.98701263708514,6.02815890484515,83,"Naive up to 3 lags","Predictions",5.39930774976657
"388",4.98701263708514,6.02815890484515,83,"Naive up to 3 lags","Observed",15
"389",15.7534092765568,18.57694879329,84,"Naive up to 3 lags","Predictions",16.8737829365079
"390",15.7534092765568,18.57694879329,84,"Naive up to 3 lags","Observed",6
"391",12.1141320238095,15.3359524221612,85,"Naive up to 3 lags","Predictions",13.6262396825397
"392",12.1141320238095,15.3359524221612,85,"Naive up to 3 lags","Observed",5
"393",6.43477371753247,7.41169590728716,86,"Naive up to 3 lags","Predictions",6.89787518037518
"394",6.43477371753247,7.41169590728716,86,"Naive up to 3 lags","Observed",1
"395",7.2838643452381,8.66071836399711,87,"Naive up to 3 lags","Predictions",7.94606148989899
"396",7.2838643452381,8.66071836399711,87,"Naive up to 3 lags","Observed",5
"397",5.90079977092352,7.04502469308469,88,"Naive up to 3 lags","Predictions",6.38424348151848
"398",5.90079977092352,7.04502469308469,88,"Naive up to 3 lags","Observed",5
"399",5.36567377622378,6.11565494949495,89,"Naive up to 3 lags","Predictions",5.73310477577978
"400",5.36567377622378,6.11565494949495,89,"Naive up to 3 lags","Observed",0
"401",3.73424964235623,4.45030099972645,90,"Naive up to 3 lags","Predictions",4.05435171313938
"402",3.73424964235623,4.45030099972645,90,"Naive up to 3 lags","Observed",2
"403",3.82126660649136,4.55466519608316,91,"Naive up to 3 lags","Predictions",4.14215042145064
"404",3.82126660649136,4.55466519608316,91,"Naive up to 3 lags","Observed",0
"405",2.90752688633895,3.43026423607847,92,"Naive up to 3 lags","Predictions",3.20238904479053
"406",2.90752688633895,3.43026423607847,92,"Naive up to 3 lags","Observed",1
"407",1.75753397507556,2.08716065668898,93,"Naive up to 3 lags","Predictions",1.92687907609079
"408",1.75753397507556,2.08716065668898,93,"Naive up to 3 lags","Observed",1
"409",2.25018078576773,2.58464040479636,94,"Naive up to 3 lags","Predictions",2.41116163558336
"410",2.25018078576773,2.58464040479636,94,"Naive up to 3 lags","Observed",2
"411",1.38416461825188,1.59548386549073,95,"Naive up to 3 lags","Predictions",1.48782888579429
"412",1.38416461825188,1.59548386549073,95,"Naive up to 3 lags","Observed",0
"413",2.49142896544306,2.70089965883096,96,"Naive up to 3 lags","Predictions",2.60108742071096
"414",2.49142896544306,2.70089965883096,96,"Naive up to 3 lags","Observed",10
"415",19.6987376345217,23.3453528457785,97,"Naive up to 3 lags","Predictions",21.839958197073
"416",19.6987376345217,23.3453528457785,97,"Naive up to 3 lags","Observed",3
"417",11.5346812559501,14.3482052872969,98,"Naive up to 3 lags","Predictions",13.1473524295002
"418",11.5346812559501,14.3482052872969,98,"Naive up to 3 lags","Observed",11
"419",12.8022370238095,13.8311567261905,99,"Naive up to 3 lags","Predictions",13.2108805555556
"420",12.8022370238095,13.8311567261905,99,"Naive up to 3 lags","Observed",24
"421",17.8239318722944,20.4708795238095,100,"Naive up to 3 lags","Predictions",19.1204821428571
"422",17.8239318722944,20.4708795238095,100,"Naive up to 3 lags","Observed",10
"423",16.7646443650794,18.2066939285714,101,"Naive up to 3 lags","Predictions",17.641219047619
"424",16.7646443650794,18.2066939285714,101,"Naive up to 3 lags","Observed",5
"425",9.9142079040404,11.9579883516484,102,"Naive up to 3 lags","Predictions",10.8614887057387
"426",9.9142079040404,11.9579883516484,102,"Naive up to 3 lags","Observed",5
"427",8.12145341491841,9.64905447261072,103,"Naive up to 3 lags","Predictions",9.0225565018315
"428",8.12145341491841,9.64905447261072,103,"Naive up to 3 lags","Observed",2
"429",4.8733073455058,5.61498009774948,104,"Naive up to 3 lags","Predictions",5.28998308668456
"430",4.8733073455058,5.61498009774948,104,"Naive up to 3 lags","Observed",1
"431",3.17260353778188,3.81160326992001,105,"Naive up to 3 lags","Predictions",3.42404513301456
"432",3.17260353778188,3.81160326992001,105,"Naive up to 3 lags","Observed",3
"433",2.0398418620187,2.50390053004946,106,"Naive up to 3 lags","Predictions",2.23253691995139
"434",2.0398418620187,2.50390053004946,106,"Naive up to 3 lags","Observed",3
"435",4.37313207324538,5.03933815512918,107,"Naive up to 3 lags","Predictions",4.71990399461649
"436",4.37313207324538,5.03933815512918,107,"Naive up to 3 lags","Observed",4
"437",4.62473862590024,5.19448541672509,108,"Naive up to 3 lags","Predictions",4.88818035853036
"438",4.62473862590024,5.19448541672509,108,"Naive up to 3 lags","Observed",2
"439",3.88917800217512,4.48363551367342,109,"Naive up to 3 lags","Predictions",4.21577009249911
"440",3.88917800217512,4.48363551367342,109,"Naive up to 3 lags","Observed",11
"441",11.9321804418676,13.0330379742316,110,"Naive up to 3 lags","Predictions",12.4526452504854
"442",11.9321804418676,13.0330379742316,110,"Naive up to 3 lags","Observed",4
"443",9.15113681254237,10.3576737679105,111,"Naive up to 3 lags","Predictions",9.89401930050943
"444",9.15113681254237,10.3576737679105,111,"Naive up to 3 lags","Observed",0
"445",6.86831416666667,7.94477821428571,1,"Naive up to 6 lags","Predictions",7.47943333333333
"446",6.86831416666667,7.94477821428571,1,"Naive up to 6 lags","Observed",10
"447",13.2441375,14.990695,2,"Naive up to 6 lags","Predictions",13.9941166666667
"448",13.2441375,14.990695,2,"Naive up to 6 lags","Observed",18
"449",20.2900188095238,22.1436225,3,"Naive up to 6 lags","Predictions",21.30615
"450",20.2900188095238,22.1436225,3,"Naive up to 6 lags","Observed",1
"451",9.4419625,11.9110033333333,4,"Naive up to 6 lags","Predictions",10.7455
"452",9.4419625,11.9110033333333,4,"Naive up to 6 lags","Observed",4
"453",7.45592833333333,8.9141375,5,"Naive up to 6 lags","Predictions",8.3045
"454",7.45592833333333,8.9141375,5,"Naive up to 6 lags","Observed",4
"455",6.20306833333333,7.6169225,6,"Naive up to 6 lags","Predictions",6.82161428571428
"456",6.20306833333333,7.6169225,6,"Naive up to 6 lags","Observed",0
"457",3.5440325,4.34556952380952,7,"Naive up to 6 lags","Predictions",3.91623333333333
"458",3.5440325,4.34556952380952,7,"Naive up to 6 lags","Observed",4
"459",6.88645333333333,8.1733575,8,"Naive up to 6 lags","Predictions",7.48148888888889
"460",6.88645333333333,8.1733575,8,"Naive up to 6 lags","Observed",2
"461",15.6966539285714,19.047335,9,"Naive up to 6 lags","Predictions",17.2624666666667
"462",15.6966539285714,19.047335,9,"Naive up to 6 lags","Observed",2
"463",7.1649575,8.36783499999999,10,"Naive up to 6 lags","Predictions",7.73543333333334
"464",7.1649575,8.36783499999999,10,"Naive up to 6 lags","Observed",14
"465",18.3318558333333,21.0491515476191,11,"Naive up to 6 lags","Predictions",19.5526666666667
"466",18.3318558333333,21.0491515476191,11,"Naive up to 6 lags","Observed",25
"467",32.9148801190476,36.8232503571429,12,"Naive up to 6 lags","Predictions",35.0609
"468",32.9148801190476,36.8232503571429,12,"Naive up to 6 lags","Observed",30
"469",25.6529708333333,29.5401258333333,13,"Naive up to 6 lags","Predictions",27.5475833333333
"470",25.6529708333333,29.5401258333333,13,"Naive up to 6 lags","Observed",14
"471",18.6665383333333,21.0116366666667,14,"Naive up to 6 lags","Predictions",19.52185
"472",18.6665383333333,21.0116366666667,14,"Naive up to 6 lags","Observed",44
"473",28.4444983333333,32.2121633333333,15,"Naive up to 6 lags","Predictions",30.4686166666667
"474",28.4444983333333,32.2121633333333,15,"Naive up to 6 lags","Observed",19
"475",22.6680008333334,24.263675,16,"Naive up to 6 lags","Predictions",23.5256666666667
"476",22.6680008333334,24.263675,16,"Naive up to 6 lags","Observed",2
"477",12.2585166666667,14.6556183333333,17,"Naive up to 6 lags","Predictions",13.4124666666667
"478",12.2585166666667,14.6556183333333,17,"Naive up to 6 lags","Observed",3
"479",3.99022416666667,4.76365166666666,18,"Naive up to 6 lags","Predictions",4.42748333333333
"480",3.99022416666667,4.76365166666666,18,"Naive up to 6 lags","Observed",9
"481",13.0888391666667,15.0973258333333,19,"Naive up to 6 lags","Predictions",14.1622166666667
"482",13.0888391666667,15.0973258333333,19,"Naive up to 6 lags","Observed",23
"483",20.1150591666667,21.7771566666667,20,"Naive up to 6 lags","Predictions",20.9338666666667
"484",20.1150591666667,21.7771566666667,20,"Naive up to 6 lags","Observed",7
"485",9.46613916666667,11.3003616666667,21,"Naive up to 6 lags","Predictions",10.4345833333333
"486",9.46613916666667,11.3003616666667,21,"Naive up to 6 lags","Observed",0
"487",7.21686166666667,8.95933583333333,22,"Naive up to 6 lags","Predictions",8.08561666666666
"488",7.21686166666667,8.95933583333333,22,"Naive up to 6 lags","Observed",9
"489",15.7449416666667,18.2747016666667,23,"Naive up to 6 lags","Predictions",17.0222166666667
"490",15.7449416666667,18.2747016666667,23,"Naive up to 6 lags","Observed",0
"491",4.92542,6.40773583333333,24,"Naive up to 6 lags","Predictions",5.58791666666667
"492",4.92542,6.40773583333333,24,"Naive up to 6 lags","Observed",9
"493",14.8333833333333,18.6266133333333,25,"Naive up to 6 lags","Predictions",16.9489333333333
"494",14.8333833333333,18.6266133333333,25,"Naive up to 6 lags","Observed",36
"495",29.6466941666667,33.5735416666667,26,"Naive up to 6 lags","Predictions",31.2196166666667
"496",29.6466941666667,33.5735416666667,26,"Naive up to 6 lags","Observed",23
"497",38.6656838095238,42.1685319047619,27,"Naive up to 6 lags","Predictions",40.5417107142857
"498",38.6656838095238,42.1685319047619,27,"Naive up to 6 lags","Observed",0
"499",12.5196725,14.4577775,28,"Naive up to 6 lags","Predictions",13.54985
"500",12.5196725,14.4577775,28,"Naive up to 6 lags","Observed",0
"501",14.5644933333333,18.6734983333333,29,"Naive up to 6 lags","Predictions",16.9329761904762
"502",14.5644933333333,18.6734983333333,29,"Naive up to 6 lags","Observed",0
"503",4.2659025,5.27253666666667,30,"Naive up to 6 lags","Predictions",4.67767857142857
"504",4.2659025,5.27253666666667,30,"Naive up to 6 lags","Observed",1
"505",6.00215083333333,7.45072166666667,31,"Naive up to 6 lags","Predictions",6.67453809523809
"506",6.00215083333333,7.45072166666667,31,"Naive up to 6 lags","Observed",2
"507",9.380225,11.522864047619,32,"Naive up to 6 lags","Predictions",10.2979285714286
"508",9.380225,11.522864047619,32,"Naive up to 6 lags","Observed",1
"509",15.8517007954545,20.249249484127,33,"Naive up to 6 lags","Predictions",18.0628666666667
"510",15.8517007954545,20.249249484127,33,"Naive up to 6 lags","Observed",3
"511",9.98861930735931,12.9235796428571,34,"Naive up to 6 lags","Predictions",11.2626063492064
"512",9.98861930735931,12.9235796428571,34,"Naive up to 6 lags","Observed",2
"513",7.22138833333333,8.98201261904762,35,"Naive up to 6 lags","Predictions",7.95185
"514",7.22138833333333,8.98201261904762,35,"Naive up to 6 lags","Observed",0
"515",4.76672,6.19446309523809,36,"Naive up to 6 lags","Predictions",5.5495
"516",4.76672,6.19446309523809,36,"Naive up to 6 lags","Observed",0
"517",2.159535,3.18286416666667,37,"Naive up to 6 lags","Predictions",2.52015
"518",2.159535,3.18286416666667,37,"Naive up to 6 lags","Observed",3
"519",4.26421333333333,6.32384119047619,38,"Naive up to 6 lags","Predictions",5.47161666666666
"520",4.26421333333333,6.32384119047619,38,"Naive up to 6 lags","Observed",5
"521",5.06172916666667,6.23192916666667,39,"Naive up to 6 lags","Predictions",5.5085
"522",5.06172916666667,6.23192916666667,39,"Naive up to 6 lags","Observed",4
"523",7.52216648809524,8.91153113636364,40,"Naive up to 6 lags","Predictions",8.2284880952381
"524",7.52216648809524,8.91153113636364,40,"Naive up to 6 lags","Observed",6
"525",8.18024250180375,10.0177362129537,41,"Naive up to 6 lags","Predictions",9.10711666666667
"526",8.18024250180375,10.0177362129537,41,"Naive up to 6 lags","Observed",17
"527",20.3270408333333,22.361561547619,42,"Naive up to 6 lags","Predictions",21.3017857142857
"528",20.3270408333333,22.361561547619,42,"Naive up to 6 lags","Observed",21
"529",12.6438625,14.3984158333333,43,"Naive up to 6 lags","Predictions",13.4855166666667
"530",12.6438625,14.3984158333333,43,"Naive up to 6 lags","Observed",66
"531",29.4478858333333,32.5912720238095,44,"Naive up to 6 lags","Predictions",31.1270333333333
"532",29.4478858333333,32.5912720238095,44,"Naive up to 6 lags","Observed",24
"533",23.9072125,26.861205,45,"Naive up to 6 lags","Predictions",25.1341666666667
"534",23.9072125,26.861205,45,"Naive up to 6 lags","Observed",36
"535",19.14016,21.3601491666667,46,"Naive up to 6 lags","Predictions",20.2684
"536",19.14016,21.3601491666667,46,"Naive up to 6 lags","Observed",0
"537",9.29041666666667,11.5918491666667,47,"Naive up to 6 lags","Predictions",10.5862666666667
"538",9.29041666666667,11.5918491666667,47,"Naive up to 6 lags","Observed",0
"539",7.39311952380953,10.2178808333333,48,"Naive up to 6 lags","Predictions",8.75109166666667
"540",7.39311952380953,10.2178808333333,48,"Naive up to 6 lags","Observed",1
"541",2.99104875,3.9431825,49,"Naive up to 6 lags","Predictions",3.33485
"542",2.99104875,3.9431825,49,"Naive up to 6 lags","Observed",2
"543",3.09465027777778,3.93423468253968,50,"Naive up to 6 lags","Predictions",3.4905
"544",3.09465027777778,3.93423468253968,50,"Naive up to 6 lags","Observed",0
"545",4.04466142857143,4.99282297619047,51,"Naive up to 6 lags","Predictions",4.55034047619047
"546",4.04466142857143,4.99282297619047,51,"Naive up to 6 lags","Observed",0
"547",6.34507910714286,9.30329841269841,52,"Naive up to 6 lags","Predictions",7.842525
"548",6.34507910714286,9.30329841269841,52,"Naive up to 6 lags","Observed",0
"549",6.90258333333333,9.1180325,53,"Naive up to 6 lags","Predictions",7.96781904761905
"550",6.90258333333333,9.1180325,53,"Naive up to 6 lags","Observed",1
"551",4.36217315476191,6.1879681547619,54,"Naive up to 6 lags","Predictions",5.06159761904762
"552",4.36217315476191,6.1879681547619,54,"Naive up to 6 lags","Observed",2
"553",3.82844375,5.18205880952381,55,"Naive up to 6 lags","Predictions",4.48571111111111
"554",3.82844375,5.18205880952381,55,"Naive up to 6 lags","Observed",0
"555",4.6978568452381,6.33358607142857,56,"Naive up to 6 lags","Predictions",5.41592651515151
"556",4.6978568452381,6.33358607142857,56,"Naive up to 6 lags","Observed",5
"557",4.90332226190476,6.81602726190476,57,"Naive up to 6 lags","Predictions",5.63986355311356
"558",4.90332226190476,6.81602726190476,57,"Naive up to 6 lags","Observed",0
"559",6.03427595238095,8.37335095238096,58,"Naive up to 6 lags","Predictions",6.96475238095238
"560",6.03427595238095,8.37335095238096,58,"Naive up to 6 lags","Observed",0
"561",6.46057098214286,7.87686093073594,59,"Naive up to 6 lags","Predictions",7.11238333333334
"562",6.46057098214286,7.87686093073594,59,"Naive up to 6 lags","Observed",0
"563",4.24585081168831,5.80139630952381,60,"Naive up to 6 lags","Predictions",4.92100476190476
"564",4.24585081168831,5.80139630952381,60,"Naive up to 6 lags","Observed",5
"565",6.72834476190476,8.84427011904762,61,"Naive up to 6 lags","Predictions",7.79076388056388
"566",6.72834476190476,8.84427011904762,61,"Naive up to 6 lags","Observed",19
"567",28.3158627597403,32.43659,62,"Naive up to 6 lags","Predictions",30.7176838383838
"568",28.3158627597403,32.43659,62,"Naive up to 6 lags","Observed",12
"569",35.2688036111111,39.0650141666667,63,"Naive up to 6 lags","Predictions",37.0595343073593
"570",35.2688036111111,39.0650141666667,63,"Naive up to 6 lags","Observed",4
"571",14.5351539285714,18.200485,64,"Naive up to 6 lags","Predictions",16.3890751253133
"572",14.5351539285714,18.200485,64,"Naive up to 6 lags","Observed",5
"573",10.1434113095238,12.2198725,65,"Naive up to 6 lags","Predictions",11.2050833333333
"574",10.1434113095238,12.2198725,65,"Naive up to 6 lags","Observed",11
"575",14.5978466666667,16.2579916666667,66,"Naive up to 6 lags","Predictions",15.3241
"576",14.5978466666667,16.2579916666667,66,"Naive up to 6 lags","Observed",8
"577",7.81848,9.62168083333333,67,"Naive up to 6 lags","Predictions",8.85431666666667
"578",7.81848,9.62168083333333,67,"Naive up to 6 lags","Observed",10
"579",17.2277358333333,19.1510358333333,68,"Naive up to 6 lags","Predictions",17.9875
"580",17.2277358333333,19.1510358333333,68,"Naive up to 6 lags","Observed",9
"581",15.429645,17.4621683333333,69,"Naive up to 6 lags","Predictions",16.2046166666667
"582",15.429645,17.4621683333333,69,"Naive up to 6 lags","Observed",18
"583",14.2412246428571,15.7868766666667,70,"Naive up to 6 lags","Predictions",15.0686166666667
"584",14.2412246428571,15.7868766666667,70,"Naive up to 6 lags","Observed",18
"585",16.7284233333333,17.8843183333333,71,"Naive up to 6 lags","Predictions",17.3158333333333
"586",16.7284233333333,17.8843183333333,71,"Naive up to 6 lags","Observed",15
"587",17.3711991666667,19.0451483333333,72,"Naive up to 6 lags","Predictions",18.2643833333333
"588",17.3711991666667,19.0451483333333,72,"Naive up to 6 lags","Observed",8
"589",8.58683333333333,9.62076,73,"Naive up to 6 lags","Predictions",9.05875
"590",8.58683333333333,9.62076,73,"Naive up to 6 lags","Observed",2
"591",4.55852666666667,5.22809416666666,74,"Naive up to 6 lags","Predictions",4.79805
"592",4.55852666666667,5.22809416666666,74,"Naive up to 6 lags","Observed",16
"593",15.6319083333333,16.785363452381,75,"Naive up to 6 lags","Predictions",16.1835166666667
"594",15.6319083333333,16.785363452381,75,"Naive up to 6 lags","Observed",1
"595",6.4561525,8.02335083333333,76,"Naive up to 6 lags","Predictions",7.25878333333333
"596",6.4561525,8.02335083333333,76,"Naive up to 6 lags","Observed",9
"597",16.4908983333333,18.6792808333333,77,"Naive up to 6 lags","Predictions",17.6697357142857
"598",16.4908983333333,18.6792808333333,77,"Naive up to 6 lags","Observed",11
"599",19.6728160714286,22.4496608333333,78,"Naive up to 6 lags","Predictions",21.1063222222222
"600",19.6728160714286,22.4496608333333,78,"Naive up to 6 lags","Observed",5
"601",9.33424416666667,11.5404225,79,"Naive up to 6 lags","Predictions",10.5203333333333
"602",9.33424416666667,11.5404225,79,"Naive up to 6 lags","Observed",34
"603",19.53327,21.7612991666667,80,"Naive up to 6 lags","Predictions",20.6770333333333
"604",19.53327,21.7612991666667,80,"Naive up to 6 lags","Observed",10
"605",18.7302775,21.9742758333333,81,"Naive up to 6 lags","Predictions",20.0962
"606",18.7302775,21.9742758333333,81,"Naive up to 6 lags","Observed",24
"607",16.3825158333333,18.2503858333333,82,"Naive up to 6 lags","Predictions",17.1028166666667
"608",16.3825158333333,18.2503858333333,82,"Naive up to 6 lags","Observed",1
"609",5.10902833333334,6.61780166666666,83,"Naive up to 6 lags","Predictions",5.86405
"610",5.10902833333334,6.61780166666666,83,"Naive up to 6 lags","Observed",15
"611",13.6946566666667,16.2005433333333,84,"Naive up to 6 lags","Predictions",14.8854666666667
"612",13.6946566666667,16.2005433333333,84,"Naive up to 6 lags","Observed",6
"613",8.39029023809523,10.2856566666667,85,"Naive up to 6 lags","Predictions",9.47358571428571
"614",8.39029023809523,10.2856566666667,85,"Naive up to 6 lags","Observed",5
"615",8.76507333333333,10.4990025,86,"Naive up to 6 lags","Predictions",9.54658333333333
"616",8.76507333333333,10.4990025,86,"Naive up to 6 lags","Observed",1
"617",6.80749154761905,8.13229833333333,87,"Naive up to 6 lags","Predictions",7.53238333333333
"618",6.80749154761905,8.13229833333333,87,"Naive up to 6 lags","Observed",5
"619",6.74898333333333,8.29986041666667,88,"Naive up to 6 lags","Predictions",7.44324047619048
"620",6.74898333333333,8.29986041666667,88,"Naive up to 6 lags","Observed",5
"621",4.56650833333333,5.2691,89,"Naive up to 6 lags","Predictions",4.86118333333333
"622",4.56650833333333,5.2691,89,"Naive up to 6 lags","Observed",0
"623",7.61064666666667,9.06951571428571,90,"Naive up to 6 lags","Predictions",8.26878333333333
"624",7.61064666666667,9.06951571428571,90,"Naive up to 6 lags","Observed",2
"625",4.61918333333333,5.6539375,91,"Naive up to 6 lags","Predictions",5.12211666666667
"626",4.61918333333333,5.6539375,91,"Naive up to 6 lags","Observed",0
"627",2.98517916666667,3.74537523809524,92,"Naive up to 6 lags","Predictions",3.32100714285714
"628",2.98517916666667,3.74537523809524,92,"Naive up to 6 lags","Observed",1
"629",3.61181690476191,4.4502669047619,93,"Naive up to 6 lags","Predictions",3.99829761904762
"630",3.61181690476191,4.4502669047619,93,"Naive up to 6 lags","Observed",1
"631",2.59071521825397,3.30530636904762,94,"Naive up to 6 lags","Predictions",2.90436547619047
"632",2.59071521825397,3.30530636904762,94,"Naive up to 6 lags","Observed",2
"633",4.26571578296703,5.48727173160173,95,"Naive up to 6 lags","Predictions",4.77985873015873
"634",4.26571578296703,5.48727173160173,95,"Naive up to 6 lags","Observed",0
"635",2.6560283982684,3.17036773809524,96,"Naive up to 6 lags","Predictions",2.89165912698413
"636",2.6560283982684,3.17036773809524,96,"Naive up to 6 lags","Observed",10
"637",23.0041825,26.3245065277778,97,"Naive up to 6 lags","Predictions",24.365180952381
"638",23.0041825,26.3245065277778,97,"Naive up to 6 lags","Observed",3
"639",12.955575,16.1579085119048,98,"Naive up to 6 lags","Predictions",14.8392833333333
"640",12.955575,16.1579085119048,98,"Naive up to 6 lags","Observed",11
"641",19.7202712121212,23.1409461904762,99,"Naive up to 6 lags","Predictions",21.2661801587302
"642",19.7202712121212,23.1409461904762,99,"Naive up to 6 lags","Observed",24
"643",23.6386791666667,26.8232725,100,"Naive up to 6 lags","Predictions",25.03875
"644",23.6386791666667,26.8232725,100,"Naive up to 6 lags","Observed",10
"645",19.945315,23.2567086904762,101,"Naive up to 6 lags","Predictions",21.6982666666667
"646",19.945315,23.2567086904762,101,"Naive up to 6 lags","Observed",5
"647",7.91623916666667,9.20675583333334,102,"Naive up to 6 lags","Predictions",8.54521666666667
"648",7.91623916666667,9.20675583333334,102,"Naive up to 6 lags","Observed",5
"649",6.4728225,7.83551166666667,103,"Naive up to 6 lags","Predictions",7.24436666666667
"650",6.4728225,7.83551166666667,103,"Naive up to 6 lags","Observed",2
"651",3.49203916666667,4.30450916666667,104,"Naive up to 6 lags","Predictions",3.82851666666667
"652",3.49203916666667,4.30450916666667,104,"Naive up to 6 lags","Observed",1
"653",1.95369833333333,2.48467166666667,105,"Naive up to 6 lags","Predictions",2.23311666666667
"654",1.95369833333333,2.48467166666667,105,"Naive up to 6 lags","Observed",3
"655",1.99388416666667,2.62991333333333,106,"Naive up to 6 lags","Predictions",2.32791666666667
"656",1.99388416666667,2.62991333333333,106,"Naive up to 6 lags","Observed",3
"657",3.84590916666667,4.48692166666667,107,"Naive up to 6 lags","Predictions",4.1514
"658",3.84590916666667,4.48692166666667,107,"Naive up to 6 lags","Observed",4
"659",4.16853833333334,4.6877125,108,"Naive up to 6 lags","Predictions",4.4944
"660",4.16853833333334,4.6877125,108,"Naive up to 6 lags","Observed",2
"661",4.21715857142857,5.29723595238095,109,"Naive up to 6 lags","Predictions",4.63118333333333
"662",4.21715857142857,5.29723595238095,109,"Naive up to 6 lags","Observed",11
"663",15.9711108333333,17.95942,110,"Naive up to 6 lags","Predictions",16.904
"664",15.9711108333333,17.95942,110,"Naive up to 6 lags","Observed",4
"665",9.52906166666667,11.2961691666667,111,"Naive up to 6 lags","Predictions",10.3607166666667
"666",9.52906166666667,11.2961691666667,111,"Naive up to 6 lags","Observed",0
"667",7.99364333333333,9.52176083333333,1,"Time series reconstruction","Predictions",8.70836666666667
"668",7.99364333333333,9.52176083333333,1,"Time series reconstruction","Observed",10
"669",30.2809341666667,33.1518025,2,"Time series reconstruction","Predictions",31.5032833333333
"670",30.2809341666667,33.1518025,2,"Time series reconstruction","Observed",18
"671",18.6781433333333,21.75274,3,"Time series reconstruction","Predictions",20.4095333333333
"672",18.6781433333333,21.75274,3,"Time series reconstruction","Observed",1
"673",10.3411216666667,12.2076666666667,4,"Time series reconstruction","Predictions",11.1537166666667
"674",10.3411216666667,12.2076666666667,4,"Time series reconstruction","Observed",4
"675",5.03958916666667,6.25287833333333,5,"Time series reconstruction","Predictions",5.60706666666667
"676",5.03958916666667,6.25287833333333,5,"Time series reconstruction","Observed",4
"677",10.1542783333333,11.8710091666667,6,"Time series reconstruction","Predictions",10.7782666666667
"678",10.1542783333333,11.8710091666667,6,"Time series reconstruction","Observed",0
"679",4.59807583333333,5.7188,7,"Time series reconstruction","Predictions",5.23965
"680",4.59807583333333,5.7188,7,"Time series reconstruction","Observed",4
"681",5.58369416666666,7.02450333333334,8,"Time series reconstruction","Predictions",6.29981666666667
"682",5.58369416666666,7.02450333333334,8,"Time series reconstruction","Observed",2
"683",6.046675,7.50141333333333,9,"Time series reconstruction","Predictions",6.86216666666667
"684",6.046675,7.50141333333333,9,"Time series reconstruction","Observed",2
"685",5.9275225,7.19773833333333,10,"Time series reconstruction","Predictions",6.40855
"686",5.9275225,7.19773833333333,10,"Time series reconstruction","Observed",14
"687",21.4934825,23.7897325,11,"Time series reconstruction","Predictions",22.5746166666667
"688",21.4934825,23.7897325,11,"Time series reconstruction","Observed",25
"689",25.3697625,27.56355,12,"Time series reconstruction","Predictions",26.53715
"690",25.3697625,27.56355,12,"Time series reconstruction","Observed",30
"691",26.4107233333333,29.7719466666667,13,"Time series reconstruction","Predictions",28.18955
"692",26.4107233333333,29.7719466666667,13,"Time series reconstruction","Observed",14
"693",16.9650658333333,18.4725158333333,14,"Time series reconstruction","Predictions",17.7395166666667
"694",16.9650658333333,18.4725158333333,14,"Time series reconstruction","Observed",44
"695",21.8914333333333,24.7706616666667,15,"Time series reconstruction","Predictions",23.6195
"696",21.8914333333333,24.7706616666667,15,"Time series reconstruction","Observed",19
"697",13.5465891666667,16.0589916666667,16,"Time series reconstruction","Predictions",14.7176333333333
"698",13.5465891666667,16.0589916666667,16,"Time series reconstruction","Observed",2
"699",4.51243916666667,5.72883166666666,17,"Time series reconstruction","Predictions",5.01536666666667
"700",4.51243916666667,5.72883166666666,17,"Time series reconstruction","Observed",3
"701",7.598415,9.01574333333333,18,"Time series reconstruction","Predictions",8.36403333333334
"702",7.598415,9.01574333333333,18,"Time series reconstruction","Observed",9
"703",20.54383,23.1277866666667,19,"Time series reconstruction","Predictions",21.8223333333333
"704",20.54383,23.1277866666667,19,"Time series reconstruction","Observed",23
"705",17.10982,19.1145308333333,20,"Time series reconstruction","Predictions",18.1916833333333
"706",17.10982,19.1145308333333,20,"Time series reconstruction","Observed",7
"707",6.02789416666667,7.3192875,21,"Time series reconstruction","Predictions",6.67963333333333
"708",6.02789416666667,7.3192875,21,"Time series reconstruction","Observed",0
"709",6.325535,8.090515,22,"Time series reconstruction","Predictions",7.3818
"710",6.325535,8.090515,22,"Time series reconstruction","Observed",9
"711",22.647745,24.6198625,23,"Time series reconstruction","Predictions",23.4717333333333
"712",22.647745,24.6198625,23,"Time series reconstruction","Observed",0
"713",8.37605666666667,10.124415,24,"Time series reconstruction","Predictions",8.91148333333333
"714",8.37605666666667,10.124415,24,"Time series reconstruction","Observed",9
"715",13.4690708333333,14.9333066666667,25,"Time series reconstruction","Predictions",14.3280166666667
"716",13.4690708333333,14.9333066666667,25,"Time series reconstruction","Observed",36
"717",18.5428583333333,20.5748083333333,26,"Time series reconstruction","Predictions",19.49295
"718",18.5428583333333,20.5748083333333,26,"Time series reconstruction","Observed",23
"719",21.4970625,23.9839058333333,27,"Time series reconstruction","Predictions",22.7583666666667
"720",21.4970625,23.9839058333333,27,"Time series reconstruction","Observed",0
"721",6.39482333333333,7.5823075,28,"Time series reconstruction","Predictions",7.00298333333333
"722",6.39482333333333,7.5823075,28,"Time series reconstruction","Observed",0
"723",6.35327,7.814385,29,"Time series reconstruction","Predictions",6.93485
"724",6.35327,7.814385,29,"Time series reconstruction","Observed",0
"725",6.11962666666667,7.3541075,30,"Time series reconstruction","Predictions",6.70033333333333
"726",6.11962666666667,7.3541075,30,"Time series reconstruction","Observed",1
"727",4.1892425,5.21505166666666,31,"Time series reconstruction","Predictions",4.6029
"728",4.1892425,5.21505166666666,31,"Time series reconstruction","Observed",2
"729",6.09630833333333,7.30787416666667,32,"Time series reconstruction","Predictions",6.63768333333333
"730",6.09630833333333,7.30787416666667,32,"Time series reconstruction","Observed",1
"731",10.195975,14.19942,33,"Time series reconstruction","Predictions",12.3868666666667
"732",10.195975,14.19942,33,"Time series reconstruction","Observed",3
"733",4.773865,6.098915,34,"Time series reconstruction","Predictions",5.52165
"734",4.773865,6.098915,34,"Time series reconstruction","Observed",2
"735",5.41178583333334,6.830865,35,"Time series reconstruction","Predictions",5.99086666666667
"736",5.41178583333334,6.830865,35,"Time series reconstruction","Observed",0
"737",3.46448083333333,4.34134416666667,36,"Time series reconstruction","Predictions",3.86873333333333
"738",3.46448083333333,4.34134416666667,36,"Time series reconstruction","Observed",0
"739",4.06612666666667,4.99193,37,"Time series reconstruction","Predictions",4.43843333333333
"740",4.06612666666667,4.99193,37,"Time series reconstruction","Observed",3
"741",3.84168916666667,4.73361583333333,38,"Time series reconstruction","Predictions",4.28553333333333
"742",3.84168916666667,4.73361583333333,38,"Time series reconstruction","Observed",5
"743",5.95349,7.102425,39,"Time series reconstruction","Predictions",6.4626
"744",5.95349,7.102425,39,"Time series reconstruction","Observed",4
"745",4.50269166666667,5.5077325,40,"Time series reconstruction","Predictions",5.03753333333333
"746",4.50269166666667,5.5077325,40,"Time series reconstruction","Observed",6
"747",4.12162916666667,5.458435,41,"Time series reconstruction","Predictions",4.66596666666667
"748",4.12162916666667,5.458435,41,"Time series reconstruction","Observed",17
"749",13.9707858333333,15.742145,42,"Time series reconstruction","Predictions",14.8084
"750",13.9707858333333,15.742145,42,"Time series reconstruction","Observed",21
"751",15.9144191666667,17.7562475,43,"Time series reconstruction","Predictions",16.6790333333333
"752",15.9144191666667,17.7562475,43,"Time series reconstruction","Observed",66
"753",18.5200916666667,20.3599616666667,44,"Time series reconstruction","Predictions",19.3701333333333
"754",18.5200916666667,20.3599616666667,44,"Time series reconstruction","Observed",24
"755",20.36297,22.8880325,45,"Time series reconstruction","Predictions",21.7073833333334
"756",20.36297,22.8880325,45,"Time series reconstruction","Observed",36
"757",17.3096416666667,19.271015,46,"Time series reconstruction","Predictions",18.1453166666667
"758",17.3096416666667,19.271015,46,"Time series reconstruction","Observed",0
"759",4.53966416666667,5.49096666666667,47,"Time series reconstruction","Predictions",4.86375
"760",4.53966416666667,5.49096666666667,47,"Time series reconstruction","Observed",0
"761",11.8588466666667,14.1740683333333,48,"Time series reconstruction","Predictions",13.0826833333333
"762",11.8588466666667,14.1740683333333,48,"Time series reconstruction","Observed",1
"763",8.03794,10.5651508333333,49,"Time series reconstruction","Predictions",9.21065
"764",8.03794,10.5651508333333,49,"Time series reconstruction","Observed",2
"765",5.40304,6.6012425,50,"Time series reconstruction","Predictions",5.8752
"766",5.40304,6.6012425,50,"Time series reconstruction","Observed",0
"767",8.25340833333333,10.9542775,51,"Time series reconstruction","Predictions",9.85173333333334
"768",8.25340833333333,10.9542775,51,"Time series reconstruction","Observed",0
"769",8.63521083333333,10.1838241666667,52,"Time series reconstruction","Predictions",9.31686666666667
"770",8.63521083333333,10.1838241666667,52,"Time series reconstruction","Observed",0
"771",4.51071416666667,5.66423333333333,53,"Time series reconstruction","Predictions",4.9852
"772",4.51071416666667,5.66423333333333,53,"Time series reconstruction","Observed",1
"773",3.73167583333333,4.61865833333333,54,"Time series reconstruction","Predictions",4.18995
"774",3.73167583333333,4.61865833333333,54,"Time series reconstruction","Observed",2
"775",5.70359333333333,7.26493666666667,55,"Time series reconstruction","Predictions",6.31843333333333
"776",5.70359333333333,7.26493666666667,55,"Time series reconstruction","Observed",0
"777",5.39102166666667,6.96305083333333,56,"Time series reconstruction","Predictions",6.01053333333333
"778",5.39102166666667,6.96305083333333,56,"Time series reconstruction","Observed",5
"779",8.42941333333334,10.6991908333333,57,"Time series reconstruction","Predictions",9.66406666666667
"780",8.42941333333334,10.6991908333333,57,"Time series reconstruction","Observed",0
"781",4.78906083333333,5.79565416666667,58,"Time series reconstruction","Predictions",5.21646666666667
"782",4.78906083333333,5.79565416666667,58,"Time series reconstruction","Observed",0
"783",3.99696083333333,5.56835583333333,59,"Time series reconstruction","Predictions",4.6781
"784",3.99696083333333,5.56835583333333,59,"Time series reconstruction","Observed",0
"785",3.98673583333333,5.446845,60,"Time series reconstruction","Predictions",4.62958333333333
"786",3.98673583333333,5.446845,60,"Time series reconstruction","Observed",5
"787",7.94135583333334,9.86401666666666,61,"Time series reconstruction","Predictions",8.81603333333333
"788",7.94135583333334,9.86401666666666,61,"Time series reconstruction","Observed",19
"789",17.8115325,20.2654625,62,"Time series reconstruction","Predictions",18.9373833333333
"790",17.8115325,20.2654625,62,"Time series reconstruction","Observed",12
"791",12.9695833333333,15.2111766666667,63,"Time series reconstruction","Predictions",14.0300666666667
"792",12.9695833333333,15.2111766666667,63,"Time series reconstruction","Observed",4
"793",4.40897166666667,5.3826875,64,"Time series reconstruction","Predictions",4.78805
"794",4.40897166666667,5.3826875,64,"Time series reconstruction","Observed",5
"795",4.86090083333333,6.02011166666667,65,"Time series reconstruction","Predictions",5.4597
"796",4.86090083333333,6.02011166666667,65,"Time series reconstruction","Observed",11
"797",19.0687666666667,21.5227483333333,66,"Time series reconstruction","Predictions",20.69725
"798",19.0687666666667,21.5227483333333,66,"Time series reconstruction","Observed",8
"799",4.659005,5.80418833333333,67,"Time series reconstruction","Predictions",5.19111666666667
"800",4.659005,5.80418833333333,67,"Time series reconstruction","Observed",10
"801",20.9251658333333,23.2149008333333,68,"Time series reconstruction","Predictions",21.9109333333333
"802",20.9251658333333,23.2149008333333,68,"Time series reconstruction","Observed",9
"803",15.1017483333333,16.7369575,69,"Time series reconstruction","Predictions",15.7814
"804",15.1017483333333,16.7369575,69,"Time series reconstruction","Observed",18
"805",13.1108566666667,14.7673691666667,70,"Time series reconstruction","Predictions",14.0209333333333
"806",13.1108566666667,14.7673691666667,70,"Time series reconstruction","Observed",18
"807",20.578995,22.8769066666667,71,"Time series reconstruction","Predictions",21.54585
"808",20.578995,22.8769066666667,71,"Time series reconstruction","Observed",15
"809",20.796295,23.4374833333333,72,"Time series reconstruction","Predictions",22.07305
"810",20.796295,23.4374833333333,72,"Time series reconstruction","Observed",8
"811",6.0588725,7.38022833333333,73,"Time series reconstruction","Predictions",6.77715
"812",6.0588725,7.38022833333333,73,"Time series reconstruction","Observed",2
"813",4.14359083333333,5.10195,74,"Time series reconstruction","Predictions",4.6162
"814",4.14359083333333,5.10195,74,"Time series reconstruction","Observed",16
"815",15.7017016666667,17.993945,75,"Time series reconstruction","Predictions",16.9620333333333
"816",15.7017016666667,17.993945,75,"Time series reconstruction","Observed",1
"817",4.662555,6.1898275,76,"Time series reconstruction","Predictions",5.48718333333333
"818",4.662555,6.1898275,76,"Time series reconstruction","Observed",9
"819",23.0653091666667,26.2220741666667,77,"Time series reconstruction","Predictions",24.87015
"820",23.0653091666667,26.2220741666667,77,"Time series reconstruction","Observed",11
"821",15.0047775,16.9323725,78,"Time series reconstruction","Predictions",15.92625
"822",15.0047775,16.9323725,78,"Time series reconstruction","Observed",5
"823",5.11019833333333,6.66624416666667,79,"Time series reconstruction","Predictions",5.85705
"824",5.11019833333333,6.66624416666667,79,"Time series reconstruction","Observed",34
"825",14.0840925,16.84125,80,"Time series reconstruction","Predictions",15.2023333333333
"826",14.0840925,16.84125,80,"Time series reconstruction","Observed",10
"827",21.2365866666667,23.51825,81,"Time series reconstruction","Predictions",22.22245
"828",21.2365866666667,23.51825,81,"Time series reconstruction","Observed",24
"829",13.3375708333333,15.9132616666667,82,"Time series reconstruction","Predictions",14.6852
"830",13.3375708333333,15.9132616666667,82,"Time series reconstruction","Observed",1
"831",4.460985,5.39907416666667,83,"Time series reconstruction","Predictions",4.8916
"832",4.460985,5.39907416666667,83,"Time series reconstruction","Observed",15
"833",19.0212941666667,21.8173866666667,84,"Time series reconstruction","Predictions",20.3735833333333
"834",19.0212941666667,21.8173866666667,84,"Time series reconstruction","Observed",6
"835",6.44163916666666,7.77463583333333,85,"Time series reconstruction","Predictions",7.0372
"836",6.44163916666666,7.77463583333333,85,"Time series reconstruction","Observed",5
"837",7.7303725,10.1630716666667,86,"Time series reconstruction","Predictions",8.86931666666667
"838",7.7303725,10.1630716666667,86,"Time series reconstruction","Observed",1
"839",4.5122825,5.30228333333334,87,"Time series reconstruction","Predictions",4.78725
"840",4.5122825,5.30228333333334,87,"Time series reconstruction","Observed",5
"841",11.8533525,13.8476275,88,"Time series reconstruction","Predictions",12.74455
"842",11.8533525,13.8476275,88,"Time series reconstruction","Observed",5
"843",6.49398583333333,7.78630333333333,89,"Time series reconstruction","Predictions",7.20528333333334
"844",6.49398583333333,7.78630333333333,89,"Time series reconstruction","Observed",0
"845",4.80417083333333,5.8946775,90,"Time series reconstruction","Predictions",5.29946666666667
"846",4.80417083333333,5.8946775,90,"Time series reconstruction","Observed",2
"847",7.55105166666667,9.65198666666666,91,"Time series reconstruction","Predictions",8.24106666666666
"848",7.55105166666667,9.65198666666666,91,"Time series reconstruction","Observed",0
"849",4.85278666666667,5.80992166666667,92,"Time series reconstruction","Predictions",5.343
"850",4.85278666666667,5.80992166666667,92,"Time series reconstruction","Observed",1
"851",7.3916075,9.89646333333334,93,"Time series reconstruction","Predictions",8.49533333333333
"852",7.3916075,9.89646333333334,93,"Time series reconstruction","Observed",1
"853",2.5215925,3.2939475,94,"Time series reconstruction","Predictions",2.83666666666667
"854",2.5215925,3.2939475,94,"Time series reconstruction","Observed",2
"855",8.73450166666666,10.8066241666667,95,"Time series reconstruction","Predictions",9.54921666666667
"856",8.73450166666666,10.8066241666667,95,"Time series reconstruction","Observed",0
"857",3.580295,4.17710583333333,96,"Time series reconstruction","Predictions",3.839
"858",3.580295,4.17710583333333,96,"Time series reconstruction","Observed",10
"859",15.5173616666667,18.168305,97,"Time series reconstruction","Predictions",17.046
"860",15.5173616666667,18.168305,97,"Time series reconstruction","Observed",3
"861",9.28467333333333,11.44734,98,"Time series reconstruction","Predictions",10.2683
"862",9.28467333333333,11.44734,98,"Time series reconstruction","Observed",11
"863",16.4005741666667,19.2907116666667,99,"Time series reconstruction","Predictions",17.3485166666667
"864",16.4005741666667,19.2907116666667,99,"Time series reconstruction","Observed",24
"865",18.2424316666667,20.9754166666667,100,"Time series reconstruction","Predictions",19.4738166666667
"866",18.2424316666667,20.9754166666667,100,"Time series reconstruction","Observed",10
"867",23.1076583333333,27.4393833333333,101,"Time series reconstruction","Predictions",25.3325666666667
"868",23.1076583333333,27.4393833333333,101,"Time series reconstruction","Observed",5
"869",9.36273916666667,11.6339841666667,102,"Time series reconstruction","Predictions",10.3799666666667
"870",9.36273916666667,11.6339841666667,102,"Time series reconstruction","Observed",5
"871",4.88369833333333,5.90933333333333,103,"Time series reconstruction","Predictions",5.43358333333333
"872",4.88369833333333,5.90933333333333,103,"Time series reconstruction","Observed",2
"873",3.7340075,4.81331083333333,104,"Time series reconstruction","Predictions",4.306
"874",3.7340075,4.81331083333333,104,"Time series reconstruction","Observed",1
"875",2.1802775,2.7579325,105,"Time series reconstruction","Predictions",2.50381666666667
"876",2.1802775,2.7579325,105,"Time series reconstruction","Observed",3
"877",3.16781416666667,3.95021333333334,106,"Time series reconstruction","Predictions",3.40206666666667
"878",3.16781416666667,3.95021333333334,106,"Time series reconstruction","Observed",3
"879",3.65939916666667,4.50357916666667,107,"Time series reconstruction","Predictions",4.03358333333333
"880",3.65939916666667,4.50357916666667,107,"Time series reconstruction","Observed",4
"881",3.48209,4.4215275,108,"Time series reconstruction","Predictions",3.96405
"882",3.48209,4.4215275,108,"Time series reconstruction","Observed",2
"883",3.67854,4.71397666666667,109,"Time series reconstruction","Predictions",4.09533333333333
"884",3.67854,4.71397666666667,109,"Time series reconstruction","Observed",11
"885",18.3714258333333,20.6487466666667,110,"Time series reconstruction","Predictions",19.4948333333333
"886",18.3714258333333,20.6487466666667,110,"Time series reconstruction","Observed",4
"887",6.26375166666667,7.06807083333334,111,"Time series reconstruction","Predictions",6.68761666666667
"888",6.26375166666667,7.06807083333334,111,"Time series reconstruction","Observed",0
function (file = NULL, append = FALSE, type = c("output", "message"), 
    split = FALSE) 
{
    type <- match.arg(type)
    if (type == "message") {
        if (is.null(file)) 
            file <- stderr()
        else if (!inherits(file, "connection") || !isOpen(file)) 
            stop("'file' must be NULL or an already open connection")
        if (split) 
            stop("cannot split the message connection")
        .Internal(sink(file, FALSE, TRUE, FALSE))
    }
    else {
        closeOnExit <- FALSE
        if (is.null(file)) 
            file <- -1L
        else if (is.character(file)) {
            file <- file(file, if (append) 
                "a"
            else "w")
            closeOnExit <- TRUE
        }
        else if (!inherits(file, "connection")) 
            stop("'file' must be NULL, a connection or a character string")
        .Internal(sink(file, closeOnExit, FALSE, split))
    }
}
<bytecode: 0x7fb8c4ac8e18>
<environment: namespace:base>
# A tibble: 4  3
  approach                    mean     sd
  <chr>                      <dbl>  <dbl>
1 All exogenous time series   15.0 0.0851
2 Naive up to 3 lags          11.4 0.0573
3 Naive up to 6 lags          11.8 0.0799
4 Time series reconstruction  10.6 0.0560
# A tibble: 4  3
  approach                    mean     sd
  <chr>                      <dbl>  <dbl>
1 All exogenous time series   15.0 0.0851
2 Naive up to 3 lags          11.4 0.0573
3 Naive up to 6 lags          11.8 0.0799
4 Time series reconstruction  10.6 0.0560
        rsme        cor                   approach
1   14.95956 0.02997672  All exogenous time series
2   15.07111 0.03101659  All exogenous time series
3   14.92618 0.03047676  All exogenous time series
4   14.90519 0.03030004  All exogenous time series
5   15.07077 0.02844627  All exogenous time series
6   15.02664 0.02679359  All exogenous time series
7   15.05420 0.03123294  All exogenous time series
8   14.94940 0.03773709  All exogenous time series
9   15.10641 0.02893809  All exogenous time series
10  14.80153 0.03649244  All exogenous time series
11  15.05696 0.03301331  All exogenous time series
12  14.98398 0.02970380  All exogenous time series
13  14.96363 0.03243362  All exogenous time series
14  15.22288 0.02846887  All exogenous time series
15  15.00823 0.02736314  All exogenous time series
16  15.04628 0.03073426  All exogenous time series
17  15.10251 0.03038461  All exogenous time series
18  14.97754 0.03149202  All exogenous time series
19  15.01080 0.02960319  All exogenous time series
20  14.92470 0.03290540  All exogenous time series
21  14.93239 0.03418125  All exogenous time series
22  15.03587 0.02848768  All exogenous time series
23  14.99263 0.02619772  All exogenous time series
24  15.12109 0.03189366  All exogenous time series
25  15.01926 0.02882413  All exogenous time series
26  14.86669 0.03490472  All exogenous time series
27  14.91351 0.03483257  All exogenous time series
28  15.05618 0.02860532  All exogenous time series
29  14.91469 0.03755958  All exogenous time series
30  14.94801 0.03451188  All exogenous time series
31  15.07941 0.03081060  All exogenous time series
32  14.97790 0.03121629  All exogenous time series
33  14.94000 0.02944299  All exogenous time series
34  15.06616 0.03020137  All exogenous time series
35  15.08900 0.03389845  All exogenous time series
36  15.11696 0.02485225  All exogenous time series
37  14.97883 0.03411025  All exogenous time series
38  15.07177 0.02659672  All exogenous time series
39  14.87361 0.03145665  All exogenous time series
40  14.96471 0.03207861  All exogenous time series
41  14.99039 0.03439023  All exogenous time series
42  14.86694 0.03594936  All exogenous time series
43  14.84554 0.03156586  All exogenous time series
44  14.93964 0.03299114  All exogenous time series
45  14.99308 0.03069867  All exogenous time series
46  14.93841 0.03208813  All exogenous time series
47  14.94357 0.02875505  All exogenous time series
48  14.82961 0.03753999  All exogenous time series
49  14.95825 0.03144349  All exogenous time series
50  14.93401 0.03657027  All exogenous time series
51  11.47555 0.14182965         Naive up to 3 lags
52  11.41163 0.13983820         Naive up to 3 lags
53  11.52654 0.13398189         Naive up to 3 lags
54  11.50328 0.14329858         Naive up to 3 lags
55  11.51090 0.13940164         Naive up to 3 lags
56  11.52276 0.13275070         Naive up to 3 lags
57  11.43810 0.13847816         Naive up to 3 lags
58  11.40973 0.14272752         Naive up to 3 lags
59  11.52387 0.13578877         Naive up to 3 lags
60  11.35892 0.14919492         Naive up to 3 lags
61  11.39506 0.14583341         Naive up to 3 lags
62  11.38169 0.14628569         Naive up to 3 lags
63  11.32674 0.14785532         Naive up to 3 lags
64  11.45881 0.14324488         Naive up to 3 lags
65  11.46984 0.14028253         Naive up to 3 lags
66  11.47707 0.14201785         Naive up to 3 lags
67  11.40810 0.14993147         Naive up to 3 lags
68  11.48263 0.13805086         Naive up to 3 lags
69  11.39438 0.14487559         Naive up to 3 lags
70  11.42045 0.14004457         Naive up to 3 lags
71  11.44337 0.14170117         Naive up to 3 lags
72  11.42880 0.14620167         Naive up to 3 lags
73  11.39694 0.14897655         Naive up to 3 lags
74  11.35978 0.14562852         Naive up to 3 lags
75  11.46085 0.14313283         Naive up to 3 lags
76  11.54609 0.14427896         Naive up to 3 lags
77  11.41506 0.13998698         Naive up to 3 lags
78  11.45578 0.14349391         Naive up to 3 lags
79  11.42494 0.14380659         Naive up to 3 lags
80  11.32223 0.14846257         Naive up to 3 lags
81  11.44493 0.13662844         Naive up to 3 lags
82  11.35821 0.14900398         Naive up to 3 lags
83  11.40541 0.14418461         Naive up to 3 lags
84  11.42911 0.13917311         Naive up to 3 lags
85  11.49959 0.13727315         Naive up to 3 lags
86  11.40280 0.14066009         Naive up to 3 lags
87  11.34457 0.15011075         Naive up to 3 lags
88  11.39557 0.14028218         Naive up to 3 lags
89  11.40319 0.14441990         Naive up to 3 lags
90  11.40717 0.14168729         Naive up to 3 lags
91  11.46431 0.13726404         Naive up to 3 lags
92  11.40878 0.14160526         Naive up to 3 lags
93  11.47430 0.14200579         Naive up to 3 lags
94  11.45734 0.13489341         Naive up to 3 lags
95  11.37615 0.14729015         Naive up to 3 lags
96  11.31968 0.14483582         Naive up to 3 lags
97  11.41703 0.14661301         Naive up to 3 lags
98  11.33521 0.14905838         Naive up to 3 lags
99  11.49474 0.13779106         Naive up to 3 lags
100 11.49073 0.14258901         Naive up to 3 lags
101 11.89502 0.12674892         Naive up to 6 lags
102 11.76608 0.12830073         Naive up to 6 lags
103 11.87286 0.12242813         Naive up to 6 lags
104 11.82936 0.12578872         Naive up to 6 lags
105 11.88710 0.12270917         Naive up to 6 lags
106 11.78813 0.12774742         Naive up to 6 lags
107 11.86565 0.12487917         Naive up to 6 lags
108 11.70747 0.13258125         Naive up to 6 lags
109 11.72840 0.12793844         Naive up to 6 lags
110 11.98696 0.12326784         Naive up to 6 lags
111 11.76333 0.12903627         Naive up to 6 lags
112 11.76377 0.12580629         Naive up to 6 lags
113 11.82707 0.12155217         Naive up to 6 lags
114 11.87328 0.11945435         Naive up to 6 lags
115 11.91755 0.12023869         Naive up to 6 lags
116 11.84379 0.12480853         Naive up to 6 lags
117 11.96186 0.11584291         Naive up to 6 lags
118 11.75053 0.12345599         Naive up to 6 lags
119 11.88169 0.11662570         Naive up to 6 lags
120 11.83299 0.12656250         Naive up to 6 lags
121 11.79375 0.12855042         Naive up to 6 lags
122 11.82148 0.12797005         Naive up to 6 lags
123 11.79635 0.12141170         Naive up to 6 lags
124 11.89340 0.11901670         Naive up to 6 lags
125 11.76685 0.12562125         Naive up to 6 lags
126 11.74301 0.12758452         Naive up to 6 lags
127 11.87298 0.12010386         Naive up to 6 lags
128 11.85228 0.11970357         Naive up to 6 lags
129 11.84366 0.12156360         Naive up to 6 lags
130 11.79733 0.12385740         Naive up to 6 lags
131 11.84985 0.12177456         Naive up to 6 lags
132 11.66487 0.13896655         Naive up to 6 lags
133 11.77193 0.12222874         Naive up to 6 lags
134 11.67016 0.13115638         Naive up to 6 lags
135 11.85799 0.12275921         Naive up to 6 lags
136 11.87965 0.12787336         Naive up to 6 lags
137 11.85500 0.12466003         Naive up to 6 lags
138 11.76575 0.12872071         Naive up to 6 lags
139 11.92844 0.12235135         Naive up to 6 lags
140 11.75712 0.13780215         Naive up to 6 lags
141 11.63888 0.14023562         Naive up to 6 lags
142 11.64026 0.13633819         Naive up to 6 lags
143 11.72305 0.13223716         Naive up to 6 lags
144 11.93368 0.11356976         Naive up to 6 lags
145 11.81001 0.12624635         Naive up to 6 lags
146 11.81102 0.12369677         Naive up to 6 lags
147 11.72021 0.13069762         Naive up to 6 lags
148 11.73119 0.13516725         Naive up to 6 lags
149 11.82760 0.12431778         Naive up to 6 lags
150 11.81719 0.13435465         Naive up to 6 lags
151 10.50688 0.16759646 Time series reconstruction
152 10.56874 0.16722931 Time series reconstruction
153 10.57752 0.17044385 Time series reconstruction
154 10.62030 0.16159642 Time series reconstruction
155 10.51988 0.16669722 Time series reconstruction
156 10.49331 0.17535956 Time series reconstruction
157 10.52376 0.17178001 Time series reconstruction
158 10.61706 0.16232855 Time series reconstruction
159 10.53518 0.17207366 Time series reconstruction
160 10.56643 0.16506018 Time series reconstruction
161 10.56108 0.16779746 Time series reconstruction
162 10.48085 0.17247206 Time series reconstruction
163 10.57686 0.16483770 Time series reconstruction
164 10.63760 0.15975997 Time series reconstruction
165 10.57684 0.16391727 Time series reconstruction
166 10.45976 0.17291537 Time series reconstruction
167 10.65334 0.15943303 Time series reconstruction
168 10.56404 0.17130717 Time series reconstruction
169 10.62999 0.16146988 Time series reconstruction
170 10.50977 0.17454361 Time series reconstruction
171 10.54149 0.17087839 Time series reconstruction
172 10.58958 0.16690668 Time series reconstruction
173 10.54170 0.17126469 Time series reconstruction
174 10.52809 0.16856305 Time series reconstruction
175 10.50641 0.17298139 Time series reconstruction
176 10.57099 0.16439059 Time series reconstruction
177 10.62065 0.16255176 Time series reconstruction
178 10.52720 0.16952435 Time series reconstruction
179 10.64309 0.15956162 Time series reconstruction
180 10.48308 0.17866169 Time series reconstruction
181 10.57559 0.16823786 Time series reconstruction
182 10.60265 0.16250768 Time series reconstruction
183 10.59601 0.16620928 Time series reconstruction
184 10.47222 0.17507160 Time series reconstruction
185 10.51988 0.16962378 Time series reconstruction
186 10.46462 0.18122784 Time series reconstruction
187 10.63512 0.16203767 Time series reconstruction
188 10.63036 0.16028376 Time series reconstruction
189 10.43673 0.17957079 Time series reconstruction
190 10.57246 0.17091817 Time series reconstruction
191 10.51976 0.17547575 Time series reconstruction
192 10.55858 0.17043941 Time series reconstruction
193 10.43221 0.17262876 Time series reconstruction
194 10.53760 0.16957503 Time series reconstruction
195 10.49733 0.17434773 Time series reconstruction
196 10.57827 0.16168800 Time series reconstruction
197 10.56218 0.16827789 Time series reconstruction
198 10.56198 0.16502396 Time series reconstruction
199 10.60680 0.16198049 Time series reconstruction
200 10.60808 0.16115445 Time series reconstruction
# A tibble: 4  3
  approach                    mean     sd
  <chr>                      <dbl>  <dbl>
1 All exogenous time series   15.0 0.0851
2 Naive up to 3 lags          11.4 0.0573
3 Naive up to 6 lags          11.8 0.0799
4 Time series reconstruction  10.6 0.0560
